PassengerId,Survived,Pclass,Sex,Age,Embarked,Missing_Age,SharedTicket,TicketGroupSize,IndividualFare,Solo,DeckKnown
1,0,3,male,22.0,S,0,0,1,7.25,0,0
2,1,1,female,38.0,C,0,0,1,71.2833,0,1
3,1,3,female,26.0,S,0,0,1,7.925,1,0
4,1,1,female,35.0,S,0,1,2,26.55,0,1
5,0,3,male,35.0,S,0,0,1,8.05,1,0
6,0,3,male,,Q,1,0,1,8.4583,1,0
7,0,1,male,54.0,S,0,0,1,51.8625,1,1
8,0,3,male,2.0,S,0,1,4,5.26875,0,0
9,1,3,female,27.0,S,0,1,3,3.7111,0,0
10,1,2,female,14.0,C,0,1,2,15.0354,0,0
11,1,3,female,4.0,S,0,1,2,8.35,0,1
12,1,1,female,58.0,S,0,0,1,26.55,1,1
13,0,3,male,20.0,S,0,0,1,8.05,1,0
14,0,3,male,39.0,S,0,1,7,4.4678571428571425,0,0
15,0,3,female,14.0,S,0,0,1,7.8542,1,0
16,1,2,female,55.0,S,0,0,1,16.0,1,0
17,0,3,male,2.0,Q,0,1,5,5.825,0,0
18,1,2,male,,S,1,0,1,13.0,1,0
19,0,3,female,31.0,S,0,0,1,18.0,0,0
20,1,3,female,,C,1,0,1,7.225,1,0
21,0,2,male,35.0,S,0,1,2,13.0,0,0
22,1,2,male,34.0,S,0,0,1,13.0,1,1
23,1,3,female,15.0,Q,0,0,1,8.0292,1,0
24,1,1,male,28.0,S,0,0,1,35.5,1,1
25,0,3,female,8.0,S,0,1,4,5.26875,0,0
26,1,3,female,38.0,S,0,1,4,7.846875,0,0
27,0,3,male,,C,1,0,1,7.225,1,0
28,0,1,male,19.0,S,0,1,4,65.75,0,1
29,1,3,female,,Q,1,0,1,7.8792,1,0
30,0,3,male,,S,1,0,1,7.8958,1,0
31,0,1,male,40.0,C,0,0,1,27.7208,1,0
32,1,1,female,,C,1,1,2,73.2604,0,1
33,1,3,female,,Q,1,0,1,7.75,1,0
34,0,2,male,66.0,S,0,0,1,10.5,1,0
35,0,1,male,28.0,C,0,1,2,41.0854,0,0
36,0,1,male,42.0,S,0,1,2,26.0,0,0
37,1,3,male,,C,1,0,1,7.2292,1,0
38,0,3,male,21.0,S,0,0,1,8.05,1,0
39,0,3,female,18.0,S,0,1,2,9.0,0,0
40,1,3,female,14.0,C,0,1,2,5.62085,0,0
41,0,3,female,40.0,S,0,0,1,9.475,0,0
42,0,2,female,27.0,S,0,1,2,10.5,0,0
43,0,3,male,,C,1,0,1,7.8958,1,0
44,1,2,female,3.0,C,0,1,3,13.859733333333333,0,0
45,1,3,female,19.0,Q,0,0,1,7.8792,1,0
46,0,3,male,,S,1,0,1,8.05,1,0
47,0,3,male,,Q,1,0,1,15.5,0,0
48,1,3,female,,Q,1,0,1,7.75,1,0
49,0,3,male,,C,1,0,1,21.6792,0,0
50,0,3,female,18.0,S,0,1,2,8.9,0,0
51,0,3,male,7.0,S,0,1,6,6.614583333333333,0,0
52,0,3,male,21.0,S,0,0,1,7.8,1,0
53,1,1,female,49.0,C,0,1,3,25.576400000000003,0,1
54,1,2,female,29.0,S,0,0,1,26.0,0,0
55,0,1,male,65.0,C,0,0,1,61.9792,0,1
56,1,1,male,,S,1,0,1,35.5,1,1
57,1,2,female,21.0,S,0,0,1,10.5,1,0
58,0,3,male,28.5,C,0,0,1,7.2292,1,0
59,1,2,female,5.0,S,0,1,3,9.25,0,0
60,0,3,male,11.0,S,0,1,6,7.816666666666666,0,0
61,0,3,male,22.0,C,0,0,1,7.2292,1,0
62,1,1,female,38.0,S,0,1,2,40.0,0,1
63,0,1,male,45.0,S,0,1,2,41.7375,0,1
64,0,3,male,4.0,S,0,1,6,4.6499999999999995,0,0
65,0,1,male,,C,1,0,1,27.7208,1,0
66,1,3,male,,C,1,1,2,7.6229,0,0
67,1,2,female,29.0,S,0,0,1,10.5,1,1
68,0,3,male,19.0,S,0,0,1,8.1583,1,0
69,1,3,female,17.0,S,0,0,1,7.925,0,0
70,0,3,male,26.0,S,0,0,1,8.6625,0,0
71,0,2,male,32.0,S,0,0,1,10.5,1,0
72,0,3,female,16.0,S,0,1,6,7.816666666666666,0,0
73,0,2,male,21.0,S,0,1,5,14.7,0,0
74,0,3,male,26.0,C,0,0,1,14.4542,0,0
75,1,3,male,32.0,S,0,1,7,8.070828571428573,0,0
76,0,3,male,25.0,S,0,0,1,7.65,1,1
77,0,3,male,,S,1,0,1,7.8958,1,0
78,0,3,male,,S,1,0,1,8.05,1,0
79,1,2,male,0.83,S,0,1,2,14.5,0,0
80,1,3,female,30.0,S,0,1,2,6.2375,0,0
81,0,3,male,22.0,S,0,0,1,9.0,1,0
82,1,3,male,29.0,S,0,0,1,9.5,1,0
83,1,3,female,,Q,1,0,1,7.7875,1,0
84,0,1,male,28.0,S,0,0,1,47.1,1,0
85,1,2,female,17.0,S,0,0,1,10.5,1,0
86,1,3,female,33.0,S,0,1,2,7.925,0,0
87,0,3,male,16.0,S,0,1,4,8.59375,0,0
88,0,3,male,,S,1,0,1,8.05,1,0
89,1,1,female,23.0,S,0,1,4,65.75,0,1
90,0,3,male,24.0,S,0,0,1,8.05,1,0
91,0,3,male,29.0,S,0,0,1,8.05,1,0
92,0,3,male,20.0,S,0,0,1,7.8542,1,0
93,0,1,male,46.0,S,0,0,1,61.175,0,1
94,0,3,male,26.0,S,0,1,2,10.2875,0,0
95,0,3,male,59.0,S,0,0,1,7.25,1,0
96,0,3,male,,S,1,0,1,8.05,1,0
97,0,1,male,71.0,C,0,0,1,34.6542,1,1
98,1,1,male,23.0,C,0,0,1,63.3583,0,1
99,1,2,female,34.0,S,0,1,2,11.5,0,0
100,0,2,male,34.0,S,0,1,2,13.0,0,0
101,0,3,female,28.0,S,0,0,1,7.8958,1,0
102,0,3,male,,S,1,0,1,7.8958,1,0
103,0,1,male,21.0,S,0,1,2,38.64375,0,1
104,0,3,male,33.0,S,0,0,1,8.6542,1,0
105,0,3,male,37.0,S,0,0,1,7.925,0,0
106,0,3,male,28.0,S,0,0,1,7.8958,1,0
107,1,3,female,21.0,S,0,0,1,7.65,1,0
108,1,3,male,,S,1,0,1,7.775,1,0
109,0,3,male,38.0,S,0,0,1,7.8958,1,0
110,1,3,female,,Q,1,1,3,8.049999999999999,0,0
111,0,1,male,47.0,S,0,1,2,26.0,0,1
112,0,3,female,14.5,C,0,1,2,7.2271,0,0
113,0,3,male,22.0,S,0,0,1,8.05,1,0
114,0,3,female,20.0,S,0,0,1,9.825,0,0
115,0,3,female,17.0,C,0,1,2,7.22915,0,0
116,0,3,male,21.0,S,0,0,1,7.925,1,0
117,0,3,male,70.5,Q,0,0,1,7.75,1,0
118,0,2,male,29.0,S,0,1,2,10.5,0,0
119,0,1,male,24.0,C,0,1,2,123.7604,0,1
120,0,3,female,2.0,S,0,1,7,4.4678571428571425,0,0
121,0,2,male,21.0,S,0,1,5,14.7,0,0
122,0,3,male,,S,1,0,1,8.05,1,0
123,0,2,male,32.5,C,0,1,2,15.0354,0,0
124,1,2,female,32.5,S,0,0,1,13.0,1,1
125,0,1,male,54.0,S,0,1,2,38.64375,0,1
126,1,3,male,12.0,C,0,1,2,5.62085,0,0
127,0,3,male,,Q,1,0,1,7.75,1,0
128,1,3,male,24.0,S,0,0,1,7.1417,1,0
129,1,3,female,,C,1,1,2,11.17915,0,1
130,0,3,male,45.0,S,0,0,1,6.975,1,0
131,0,3,male,33.0,C,0,0,1,7.8958,1,0
132,0,3,male,20.0,S,0,0,1,7.05,1,0
133,0,3,female,47.0,S,0,0,1,14.5,0,0
134,1,2,female,29.0,S,0,0,1,26.0,0,0
135,0,2,male,25.0,S,0,0,1,13.0,1,0
136,0,2,male,23.0,C,0,0,1,15.0458,1,0
137,1,1,female,19.0,S,0,0,1,26.2833,0,1
138,0,1,male,37.0,S,0,1,2,26.55,0,1
139,0,3,male,16.0,S,0,1,2,4.60835,0,0
140,0,1,male,24.0,C,0,1,2,39.6,0,1
141,0,3,female,,C,1,1,2,7.6229,0,0
142,1,3,female,22.0,S,0,0,1,7.75,1,0
143,1,3,female,24.0,S,0,1,2,7.925,0,0
144,0,3,male,19.0,Q,0,0,1,6.75,1,0
145,0,2,male,18.0,S,0,0,1,11.5,1,0
146,0,2,male,19.0,S,0,1,2,18.375,0,0
147,1,3,male,27.0,S,0,0,1,7.7958,1,0
148,0,3,female,9.0,S,0,1,4,8.59375,0,0
149,0,2,male,36.5,S,0,1,3,8.666666666666666,0,1
150,0,2,male,42.0,S,0,0,1,13.0,1,0
151,0,2,male,51.0,S,0,0,1,12.525,1,0
152,1,1,female,22.0,S,0,1,2,33.3,0,1
153,0,3,male,55.5,S,0,0,1,8.05,1,0
154,0,3,male,40.5,S,0,0,1,14.5,0,0
155,0,3,male,,S,1,0,1,7.3125,1,0
156,0,1,male,51.0,C,0,0,1,61.3792,0,0
157,1,3,female,16.0,Q,0,0,1,7.7333,1,0
158,0,3,male,30.0,S,0,0,1,8.05,1,0
159,0,3,male,,S,1,0,1,8.6625,1,0
160,0,3,male,,S,1,1,7,9.935714285714285,0,0
161,0,3,male,44.0,S,0,0,1,16.1,0,0
162,1,2,female,40.0,S,0,0,1,15.75,1,0
163,0,3,male,26.0,S,0,0,1,7.775,1,0
164,0,3,male,17.0,S,0,0,1,8.6625,1,0
165,0,3,male,1.0,S,0,1,6,6.614583333333333,0,0
166,1,3,male,9.0,S,0,1,3,6.841666666666666,0,0
167,1,1,female,,S,1,1,2,27.5,0,1
168,0,3,female,45.0,S,0,1,6,4.6499999999999995,0,0
169,0,1,male,,S,1,0,1,25.925,1,0
170,0,3,male,28.0,S,0,1,7,8.070828571428573,0,0
171,0,1,male,61.0,S,0,0,1,33.5,1,1
172,0,3,male,4.0,Q,0,1,5,5.825,0,0
173,1,3,female,1.0,S,0,1,3,3.7111,0,0
174,0,3,male,21.0,S,0,0,1,7.925,1,0
175,0,1,male,56.0,C,0,0,1,30.6958,1,1
176,0,3,male,18.0,S,0,0,1,7.8542,0,0
177,0,3,male,,S,1,1,4,6.366675,0,0
178,0,1,female,50.0,C,0,0,1,28.7125,1,1
179,0,2,male,30.0,S,0,0,1,13.0,1,0
180,0,3,male,36.0,S,0,1,4,0.0,0,0
181,0,3,female,,S,1,1,7,9.935714285714285,0,0
182,0,2,male,,C,1,0,1,15.05,1,0
183,0,3,male,9.0,S,0,1,4,7.846875,0,0
184,1,2,male,1.0,S,0,1,2,19.5,0,1
185,1,3,female,4.0,S,0,0,1,22.025,0,0
186,0,1,male,,S,1,0,1,50.0,1,1
187,1,3,female,,Q,1,1,2,7.75,0,0
188,1,1,male,45.0,S,0,0,1,26.55,1,0
189,0,3,male,40.0,Q,0,1,2,7.75,0,0
190,0,3,male,36.0,S,0,0,1,7.8958,1,0
191,1,2,female,32.0,S,0,0,1,13.0,1,0
192,0,2,male,19.0,S,0,0,1,13.0,1,0
193,1,3,female,19.0,S,0,0,1,7.8542,0,0
194,1,2,male,3.0,S,0,1,3,8.666666666666666,0,1
195,1,1,female,44.0,C,0,0,1,27.7208,1,1
196,1,1,female,58.0,C,0,1,2,73.2604,0,1
197,0,3,male,,Q,1,0,1,7.75,1,0
198,0,3,male,42.0,S,0,0,1,8.4042,0,0
199,1,3,female,,Q,1,0,1,7.75,1,0
200,0,2,female,24.0,S,0,0,1,13.0,1,0
201,0,3,male,28.0,S,0,0,1,9.5,1,0
202,0,3,male,,S,1,1,7,9.935714285714285,0,0
203,0,3,male,34.0,S,0,0,1,6.4958,1,0
204,0,3,male,45.5,C,0,0,1,7.225,1,0
205,1,3,male,18.0,S,0,0,1,8.05,1,0
206,0,3,female,2.0,S,0,1,2,5.23125,0,1
207,0,3,male,32.0,S,0,1,2,7.925,0,0
208,1,3,male,26.0,C,0,1,2,9.39375,0,0
209,1,3,female,16.0,Q,0,0,1,7.75,1,0
210,1,1,male,40.0,C,0,0,1,31.0,1,1
211,0,3,male,24.0,S,0,0,1,7.05,1,0
212,1,2,female,35.0,S,0,0,1,21.0,1,0
213,0,3,male,22.0,S,0,0,1,7.25,1,0
214,0,2,male,30.0,S,0,0,1,13.0,1,0
215,0,3,male,,Q,1,0,1,7.75,0,0
216,1,1,female,31.0,C,0,1,3,37.75833333333333,0,1
217,1,3,female,27.0,S,0,0,1,7.925,1,0
218,0,2,male,42.0,S,0,1,2,13.5,0,0
219,1,1,female,32.0,C,0,0,1,76.2917,1,1
220,0,2,male,30.0,S,0,0,1,10.5,1,0
221,1,3,male,16.0,S,0,0,1,8.05,1,0
222,0,2,male,27.0,S,0,0,1,13.0,1,0
223,0,3,male,51.0,S,0,0,1,8.05,1,0
224,0,3,male,,S,1,0,1,7.8958,1,0
225,1,1,male,38.0,S,0,1,2,45.0,0,1
226,0,3,male,22.0,S,0,0,1,9.35,1,0
227,1,2,male,19.0,S,0,0,1,10.5,1,0
228,0,3,male,20.5,S,0,0,1,7.25,1,0
229,0,2,male,18.0,S,0,0,1,13.0,1,0
230,0,3,female,,S,1,1,4,6.366675,0,0
231,1,1,female,35.0,S,0,1,2,41.7375,0,1
232,0,3,male,29.0,S,0,0,1,7.775,1,0
233,0,2,male,59.0,S,0,0,1,13.5,1,0
234,1,3,female,5.0,S,0,1,4,7.846875,0,0
235,0,2,male,24.0,S,0,0,1,10.5,1,0
236,0,3,female,,S,1,0,1,7.55,1,0
237,0,2,male,44.0,S,0,0,1,26.0,0,0
238,1,2,female,8.0,S,0,1,3,8.75,0,0
239,0,2,male,19.0,S,0,0,1,10.5,1,0
240,0,2,male,33.0,S,0,0,1,12.275,1,0
241,0,3,female,,C,1,1,2,7.2271,0,0
242,1,3,female,,Q,1,1,2,7.75,0,0
243,0,2,male,29.0,S,0,0,1,10.5,1,0
244,0,3,male,22.0,S,0,0,1,7.125,1,0
245,0,3,male,30.0,C,0,0,1,7.225,1,0
246,0,1,male,44.0,Q,0,1,2,45.0,0,1
247,0,3,female,25.0,S,0,0,1,7.775,1,0
248,1,2,female,24.0,S,0,1,2,7.25,0,0
249,1,1,male,37.0,S,0,1,2,26.2771,0,1
250,0,2,male,54.0,S,0,1,2,13.0,0,0
251,0,3,male,,S,1,0,1,7.25,1,0
252,0,3,female,29.0,S,0,1,2,5.23125,0,1
253,0,1,male,62.0,S,0,0,1,26.55,1,1
254,0,3,male,30.0,S,0,1,2,8.05,0,0
255,0,3,female,41.0,S,0,1,2,10.10625,0,0
256,1,3,female,29.0,C,0,0,1,15.2458,0,0
257,1,1,female,,C,1,0,1,79.2,1,0
258,1,1,female,30.0,S,0,1,3,28.833333333333332,0,1
259,1,1,female,35.0,C,0,1,3,170.7764,0,0
260,1,2,female,50.0,S,0,1,2,13.0,0,0
261,0,3,male,,Q,1,0,1,7.75,1,0
262,1,3,male,3.0,S,0,1,4,7.846875,0,0
263,0,1,male,52.0,S,0,1,3,26.55,0,1
264,0,1,male,40.0,S,0,0,1,0.0,1,1
265,0,3,female,,Q,1,0,1,7.75,1,0
266,0,2,male,36.0,S,0,0,1,10.5,1,0
267,0,3,male,16.0,S,0,1,6,6.614583333333333,0,0
268,1,3,male,25.0,S,0,0,1,7.775,0,0
269,1,1,female,58.0,S,0,1,3,51.15416666666667,0,1
270,1,1,female,35.0,S,0,1,3,45.211099999999995,0,1
271,0,1,male,,S,1,1,2,15.5,0,0
272,1,3,male,25.0,S,0,1,4,0.0,0,0
273,1,2,female,41.0,S,0,1,2,9.75,0,0
274,0,1,male,37.0,C,0,0,1,29.7,0,1
275,1,3,female,,Q,1,0,1,7.75,1,0
276,1,1,female,63.0,S,0,1,3,25.986099999999997,0,1
277,0,3,female,45.0,S,0,0,1,7.75,1,0
278,0,2,male,,S,1,1,3,0.0,0,0
279,0,3,male,7.0,Q,0,1,5,5.825,0,0
280,1,3,female,35.0,S,0,1,2,10.125,0,0
281,0,3,male,65.0,Q,0,0,1,7.75,1,0
282,0,3,male,28.0,S,0,0,1,7.8542,1,0
283,0,3,male,16.0,S,0,0,1,9.5,1,0
284,1,3,male,19.0,S,0,0,1,8.05,1,0
285,0,1,male,,S,1,0,1,26.0,1,1
286,0,3,male,33.0,C,0,0,1,8.6625,1,0
287,1,3,male,30.0,S,0,0,1,9.5,1,0
288,0,3,male,22.0,S,0,0,1,7.8958,1,0
289,1,2,male,42.0,S,0,0,1,13.0,1,0
290,1,3,female,22.0,Q,0,0,1,7.75,1,0
291,1,1,female,26.0,S,0,1,2,39.425,0,0
292,1,1,female,19.0,C,0,1,2,45.5396,0,1
293,0,2,male,36.0,C,0,0,1,12.875,1,1
294,0,3,female,24.0,S,0,0,1,8.85,1,0
295,0,3,male,24.0,S,0,0,1,7.8958,1,0
296,0,1,male,,C,1,0,1,27.7208,1,0
297,0,3,male,23.5,C,0,0,1,7.2292,1,0
298,0,1,female,2.0,S,0,1,4,37.8875,0,1
299,1,1,male,,S,1,0,1,30.5,1,1
300,1,1,female,50.0,C,0,1,2,123.7604,0,1
301,1,3,female,,Q,1,0,1,7.75,1,0
302,1,3,male,,Q,1,1,2,11.625,0,0
303,0,3,male,19.0,S,0,1,4,0.0,0,0
304,1,2,female,,Q,1,0,1,12.35,1,1
305,0,3,male,,S,1,0,1,8.05,1,0
306,1,1,male,0.92,S,0,1,4,37.8875,0,1
307,1,1,female,,C,1,1,4,27.720825,0,0
308,1,1,female,17.0,C,0,1,2,54.45,0,1
309,0,2,male,30.0,C,0,1,2,12.0,0,0
310,1,1,female,30.0,C,0,1,2,28.4646,0,1
311,1,1,female,24.0,C,0,1,2,41.57915,0,1
312,1,1,female,18.0,C,0,1,2,131.1875,0,1
313,0,2,female,26.0,S,0,0,1,26.0,0,0
314,0,3,male,28.0,S,0,0,1,7.8958,1,0
315,0,2,male,43.0,S,0,1,3,8.75,0,0
316,1,3,female,26.0,S,0,0,1,7.8542,1,0
317,1,2,female,24.0,S,0,1,2,13.0,0,0
318,0,2,male,54.0,S,0,0,1,14.0,1,0
319,1,1,female,31.0,S,0,1,2,82.43335,0,1
320,1,1,female,40.0,C,0,1,2,67.25,0,1
321,0,3,male,22.0,S,0,0,1,7.25,1,0
322,0,3,male,27.0,S,0,0,1,7.8958,1,0
323,1,2,female,30.0,Q,0,0,1,12.35,1,0
324,1,2,female,22.0,S,0,1,2,14.5,0,0
325,0,3,male,,S,1,1,7,9.935714285714285,0,0
326,1,1,female,36.0,C,0,1,3,45.211099999999995,0,1
327,0,3,male,61.0,S,0,0,1,6.2375,1,0
328,1,2,female,36.0,S,0,0,1,13.0,1,1
329,1,3,female,31.0,S,0,1,3,6.841666666666666,0,0
330,1,1,female,16.0,C,0,1,2,28.9896,0,1
331,1,3,female,,Q,1,1,2,11.625,0,0
332,0,1,male,45.5,S,0,0,1,28.5,1,1
333,0,1,male,38.0,S,0,1,3,51.15416666666667,0,1
334,0,3,male,16.0,S,0,1,2,9.0,0,0
335,1,1,female,,S,1,1,2,66.825,0,0
336,0,3,male,,S,1,0,1,7.8958,1,0
337,0,1,male,29.0,S,0,1,2,33.3,0,1
338,1,1,female,41.0,C,0,1,2,67.25,0,1
339,1,3,male,45.0,S,0,0,1,8.05,1,0
340,0,1,male,45.0,S,0,0,1,35.5,1,1
341,1,2,male,2.0,S,0,1,3,8.666666666666666,0,1
342,1,1,female,24.0,S,0,1,4,65.75,0,1
343,0,2,male,28.0,S,0,0,1,13.0,1,0
344,0,2,male,25.0,S,0,0,1,13.0,1,0
345,0,2,male,36.0,S,0,0,1,13.0,1,0
346,1,2,female,24.0,S,0,0,1,13.0,1,1
347,1,2,female,40.0,S,0,0,1,13.0,1,0
348,1,3,female,,S,1,0,1,16.1,0,0
349,1,3,male,3.0,S,0,1,2,7.95,0,0
350,0,3,male,42.0,S,0,0,1,8.6625,1,0
351,0,3,male,23.0,S,0,0,1,9.225,1,0
352,0,1,male,,S,1,0,1,35.0,1,1
353,0,3,male,15.0,C,0,0,1,7.2292,0,0
354,0,3,male,25.0,S,0,1,2,8.9,0,0
355,0,3,male,,C,1,0,1,7.225,1,0
356,0,3,male,28.0,S,0,0,1,9.5,1,0
357,1,1,female,22.0,S,0,1,2,27.5,0,1
358,0,2,female,38.0,S,0,0,1,13.0,1,0
359,1,3,female,,Q,1,0,1,7.8792,1,0
360,1,3,female,,Q,1,0,1,7.8792,1,0
361,0,3,male,40.0,S,0,1,6,4.6499999999999995,0,0
362,0,2,male,29.0,C,0,0,1,27.7208,0,0
363,0,3,female,45.0,C,0,1,2,7.2271,0,0
364,0,3,male,35.0,S,0,0,1,7.05,1,0
365,0,3,male,,Q,1,1,2,7.75,0,0
366,0,3,male,30.0,S,0,0,1,7.25,1,0
367,1,1,female,60.0,C,0,0,1,75.25,0,1
368,1,3,female,,C,1,0,1,7.2292,1,0
369,1,3,female,,Q,1,0,1,7.75,1,0
370,1,1,female,24.0,C,0,1,2,34.65,0,1
371,1,1,male,25.0,C,0,0,1,55.4417,0,1
372,0,3,male,18.0,S,0,0,1,6.4958,0,0
373,0,3,male,19.0,S,0,0,1,8.05,1,0
374,0,1,male,22.0,C,0,1,3,45.211099999999995,0,0
375,0,3,female,3.0,S,0,1,4,5.26875,0,0
376,1,1,female,,C,1,1,2,41.0854,0,0
377,1,3,female,22.0,S,0,0,1,7.25,1,0
378,0,1,male,27.0,C,0,0,1,211.5,0,1
379,0,3,male,20.0,C,0,0,1,4.0125,1,0
380,0,3,male,19.0,S,0,0,1,7.775,1,0
381,1,1,female,42.0,C,0,1,4,56.88125,0,0
382,1,3,female,1.0,C,0,1,2,7.87085,0,0
383,0,3,male,32.0,S,0,0,1,7.925,1,0
384,1,1,female,35.0,S,0,1,2,26.0,0,0
385,0,3,male,,S,1,0,1,7.8958,1,0
386,0,2,male,18.0,S,0,1,5,14.7,0,0
387,0,3,male,1.0,S,0,1,6,7.816666666666666,0,0
388,1,2,female,36.0,S,0,0,1,13.0,1,0
389,0,3,male,,Q,1,0,1,7.7292,1,0
390,1,2,female,17.0,C,0,0,1,12.0,1,0
391,1,1,male,36.0,S,0,1,4,30.0,0,1
392,1,3,male,21.0,S,0,0,1,7.7958,1,0
393,0,3,male,28.0,S,0,0,1,7.925,0,0
394,1,1,female,23.0,C,0,1,3,37.75833333333333,0,1
395,1,3,female,24.0,S,0,1,2,8.35,0,1
396,0,3,male,22.0,S,0,0,1,7.7958,1,0
397,0,3,female,31.0,S,0,0,1,7.8542,1,0
398,0,2,male,46.0,S,0,1,2,13.0,0,0
399,0,2,male,23.0,S,0,0,1,10.5,1,0
400,1,2,female,28.0,S,0,0,1,12.65,1,0
401,1,3,male,39.0,S,0,0,1,7.925,1,0
402,0,3,male,26.0,S,0,0,1,8.05,1,0
403,0,3,female,21.0,S,0,0,1,9.825,0,0
404,0,3,male,28.0,S,0,1,2,7.925,0,0
405,0,3,female,20.0,S,0,0,1,8.6625,1,0
406,0,2,male,34.0,S,0,0,1,21.0,0,0
407,0,3,male,51.0,S,0,0,1,7.75,1,0
408,1,2,male,3.0,S,0,1,3,6.25,0,0
409,0,3,male,21.0,S,0,0,1,7.775,1,0
410,0,3,female,,S,1,1,4,6.366675,0,0
411,0,3,male,,S,1,0,1,7.8958,1,0
412,0,3,male,,Q,1,0,1,6.8583,1,0
413,1,1,female,33.0,Q,0,1,2,45.0,0,1
414,0,2,male,,S,1,1,3,0.0,0,0
415,1,3,male,44.0,S,0,0,1,7.925,1,0
416,0,3,female,,S,1,0,1,8.05,1,0
417,1,2,female,34.0,S,0,0,1,32.5,0,0
418,1,2,female,18.0,S,0,0,1,13.0,0,0
419,0,2,male,30.0,S,0,0,1,13.0,1,0
420,0,3,female,10.0,S,0,1,3,8.049999999999999,0,0
421,0,3,male,,C,1,0,1,7.8958,1,0
422,0,3,male,21.0,Q,0,0,1,7.7333,1,0
423,0,3,male,29.0,S,0,0,1,7.875,1,0
424,0,3,female,28.0,S,0,1,2,7.2,0,0
425,0,3,male,18.0,S,0,1,2,10.10625,0,0
426,0,3,male,,S,1,0,1,7.25,1,0
427,1,2,female,28.0,S,0,0,1,26.0,0,0
428,1,2,female,19.0,S,0,1,2,13.0,0,0
429,0,3,male,,Q,1,0,1,7.75,1,0
430,1,3,male,32.0,S,0,0,1,8.05,1,1
431,1,1,male,28.0,S,0,0,1,26.55,1,1
432,1,3,female,,S,1,1,2,8.05,0,0
433,1,2,female,42.0,S,0,0,1,26.0,0,0
434,0,3,male,17.0,S,0,0,1,7.125,1,0
435,0,1,male,50.0,S,0,1,2,27.95,0,1
436,1,1,female,14.0,S,0,1,4,30.0,0,1
437,0,3,female,21.0,S,0,1,4,8.59375,0,0
438,1,2,female,24.0,S,0,1,3,6.25,0,0
439,0,1,male,64.0,S,0,1,4,65.75,0,1
440,0,2,male,31.0,S,0,0,1,10.5,1,0
441,1,2,female,45.0,S,0,1,3,8.75,0,0
442,0,3,male,20.0,S,0,0,1,9.5,1,0
443,0,3,male,25.0,S,0,0,1,7.775,0,0
444,1,2,female,28.0,S,0,0,1,13.0,1,0
445,1,3,male,,S,1,0,1,8.1125,1,0
446,1,1,male,4.0,S,0,0,1,81.8583,0,1
447,1,2,female,13.0,S,0,1,2,9.75,0,0
448,1,1,male,34.0,S,0,0,1,26.55,1,0
449,1,3,female,5.0,C,0,1,4,4.814575,0,0
450,1,1,male,52.0,S,0,0,1,30.5,1,1
451,0,2,male,36.0,S,0,1,3,9.25,0,0
452,0,3,male,,S,1,0,1,19.9667,0,0
453,0,1,male,30.0,C,0,0,1,27.75,1,1
454,1,1,male,49.0,C,0,1,2,44.5521,0,1
455,0,3,male,,S,1,0,1,8.05,1,0
456,1,3,male,29.0,C,0,0,1,7.8958,1,0
457,0,1,male,65.0,S,0,0,1,26.55,1,1
458,1,1,female,,S,1,0,1,51.8625,0,1
459,1,2,female,50.0,S,0,0,1,10.5,1,0
460,0,3,male,,Q,1,0,1,7.75,1,0
461,1,1,male,48.0,S,0,0,1,26.55,1,1
462,0,3,male,34.0,S,0,0,1,8.05,1,0
463,0,1,male,47.0,S,0,0,1,38.5,1,1
464,0,2,male,48.0,S,0,0,1,13.0,1,0
465,0,3,male,,S,1,0,1,8.05,1,0
466,0,3,male,38.0,S,0,0,1,7.05,1,0
467,0,2,male,,S,1,1,3,0.0,0,0
468,0,1,male,56.0,S,0,0,1,26.55,1,0
469,0,3,male,,Q,1,0,1,7.725,1,0
470,1,3,female,0.75,C,0,1,4,4.814575,0,0
471,0,3,male,,S,1,0,1,7.25,1,0
472,0,3,male,38.0,S,0,0,1,8.6625,1,0
473,1,2,female,33.0,S,0,1,3,9.25,0,0
474,1,2,female,23.0,C,0,0,1,13.7917,1,1
475,0,3,female,22.0,S,0,0,1,9.8375,1,0
476,0,1,male,,S,1,1,2,26.0,0,1
477,0,2,male,34.0,S,0,1,2,10.5,0,0
478,0,3,male,29.0,S,0,0,1,7.0458,0,0
479,0,3,male,22.0,S,0,0,1,7.5208,1,0
480,1,3,female,2.0,S,0,0,1,12.2875,0,0
481,0,3,male,9.0,S,0,1,6,7.816666666666666,0,0
482,0,2,male,,S,1,0,1,0.0,1,0
483,0,3,male,50.0,S,0,0,1,8.05,1,0
484,1,3,female,63.0,S,0,0,1,9.5875,1,0
485,1,1,male,25.0,C,0,1,2,45.5396,0,1
486,0,3,female,,S,1,1,4,6.366675,0,0
487,1,1,female,35.0,S,0,1,2,45.0,0,1
488,0,1,male,58.0,C,0,0,1,29.7,1,1
489,0,3,male,30.0,S,0,0,1,8.05,1,0
490,1,3,male,9.0,S,0,1,2,7.95,0,0
491,0,3,male,,S,1,0,1,19.9667,0,0
492,0,3,male,21.0,S,0,0,1,7.25,1,0
493,0,1,male,55.0,S,0,0,1,30.5,1,1
494,0,1,male,71.0,C,0,0,1,49.5042,1,0
495,0,3,male,21.0,S,0,0,1,8.05,1,0
496,0,3,male,,C,1,1,2,7.22915,0,0
497,1,1,female,54.0,C,0,1,2,39.13335,0,1
498,0,3,male,,S,1,0,1,15.1,1,0
499,0,1,female,25.0,S,0,1,4,37.8875,0,1
500,0,3,male,24.0,S,0,0,1,7.7958,1,0
501,0,3,male,17.0,S,0,0,1,8.6625,1,0
502,0,3,female,21.0,Q,0,0,1,7.75,1,0
503,0,3,female,,Q,1,0,1,7.6292,1,0
504,0,3,female,37.0,S,0,0,1,9.5875,1,0
505,1,1,female,16.0,S,0,1,3,28.833333333333332,0,1
506,0,1,male,18.0,C,0,1,2,54.45,0,1
507,1,2,female,33.0,S,0,1,2,13.0,0,0
508,1,1,male,,S,1,0,1,26.55,1,0
509,0,3,male,28.0,S,0,0,1,22.525,1,0
510,1,3,male,26.0,S,0,1,7,8.070828571428573,0,0
511,1,3,male,29.0,Q,0,0,1,7.75,1,0
512,0,3,male,,S,1,0,1,8.05,1,0
513,1,1,male,36.0,S,0,0,1,26.2875,1,1
514,1,1,female,54.0,C,0,0,1,59.4,0,0
515,0,3,male,24.0,S,0,0,1,7.4958,1,0
516,0,1,male,47.0,S,0,0,1,34.0208,1,1
517,1,2,female,34.0,S,0,0,1,10.5,1,1
518,0,3,male,,Q,1,1,3,8.049999999999999,0,0
519,1,2,female,36.0,S,0,0,1,26.0,0,0
520,0,3,male,32.0,S,0,0,1,7.8958,1,0
521,1,1,female,30.0,S,0,1,2,46.75,0,1
522,0,3,male,22.0,S,0,0,1,7.8958,1,0
523,0,3,male,,C,1,0,1,7.225,1,0
524,1,1,female,44.0,C,0,1,2,28.9896,0,1
525,0,3,male,,C,1,0,1,7.2292,1,0
526,0,3,male,40.5,Q,0,0,1,7.75,1,0
527,1,2,female,50.0,S,0,0,1,10.5,1,0
528,0,1,male,,S,1,0,1,221.7792,1,1
529,0,3,male,39.0,S,0,0,1,7.925,1,0
530,0,2,male,23.0,S,0,0,1,11.5,0,0
531,1,2,female,2.0,S,0,1,2,13.0,0,0
532,0,3,male,,C,1,0,1,7.2292,1,0
533,0,3,male,17.0,C,0,0,1,7.2292,0,0
534,1,3,female,,C,1,1,2,11.17915,0,0
535,0,3,female,30.0,S,0,0,1,8.6625,1,0
536,1,2,female,7.0,S,0,1,3,8.75,0,0
537,0,1,male,45.0,S,0,0,1,26.55,1,1
538,1,1,female,30.0,C,0,1,2,53.2125,0,0
539,0,3,male,,S,1,0,1,14.5,1,0
540,1,1,female,22.0,C,0,0,1,49.5,0,1
541,1,1,female,36.0,S,0,1,2,35.5,0,1
542,0,3,female,9.0,S,0,1,7,4.4678571428571425,0,0
543,0,3,female,11.0,S,0,1,7,4.4678571428571425,0,0
544,1,2,male,32.0,S,0,1,2,13.0,0,0
545,0,1,male,50.0,C,0,1,2,53.2125,0,1
546,0,1,male,64.0,S,0,0,1,26.0,1,0
547,1,2,female,19.0,S,0,1,2,13.0,0,0
548,1,2,male,,C,1,0,1,13.8625,1,0
549,0,3,male,33.0,S,0,1,3,6.841666666666666,0,0
550,1,2,male,8.0,S,0,1,2,18.375,0,0
551,1,1,male,17.0,C,0,1,4,27.720825,0,1
552,0,2,male,27.0,S,0,0,1,26.0,1,0
553,0,3,male,,Q,1,0,1,7.8292,1,0
554,1,3,male,22.0,C,0,0,1,7.225,1,0
555,1,3,female,22.0,S,0,0,1,7.775,1,0
556,0,1,male,62.0,S,0,0,1,26.55,1,0
557,1,1,female,48.0,C,0,0,1,39.6,0,1
558,0,1,male,,C,1,1,4,56.88125,0,0
559,1,1,female,39.0,S,0,1,3,26.55,0,1
560,1,3,female,36.0,S,0,0,1,17.4,0,0
561,0,3,male,,Q,1,0,1,7.75,1,0
562,0,3,male,40.0,S,0,0,1,7.8958,1,0
563,0,2,male,28.0,S,0,0,1,13.5,1,0
564,0,3,male,,S,1,0,1,8.05,1,0
565,0,3,female,,S,1,0,1,8.05,1,0
566,0,3,male,24.0,S,0,1,2,12.075,0,0
567,0,3,male,19.0,S,0,0,1,7.8958,1,0
568,0,3,female,29.0,S,0,1,4,5.26875,0,0
569,0,3,male,,C,1,0,1,7.2292,1,0
570,1,3,male,32.0,S,0,0,1,7.8542,1,0
571,1,2,male,62.0,S,0,0,1,10.5,1,0
572,1,1,female,53.0,S,0,0,1,51.4792,0,1
573,1,1,male,36.0,S,0,0,1,26.3875,1,1
574,1,3,female,,Q,1,0,1,7.75,1,0
575,0,3,male,16.0,S,0,0,1,8.05,1,0
576,0,3,male,19.0,S,0,1,2,7.25,0,0
577,1,2,female,34.0,S,0,0,1,13.0,1,0
578,1,1,female,39.0,S,0,1,2,27.95,0,1
579,0,3,female,,C,1,0,1,14.4583,0,0
580,1,3,male,32.0,S,0,0,1,7.925,1,0
581,1,2,female,25.0,S,0,0,1,30.0,0,0
582,1,1,female,39.0,C,0,1,4,27.720825,0,1
583,0,2,male,54.0,S,0,1,2,13.0,0,0
584,0,1,male,36.0,C,0,0,1,40.125,1,1
585,0,3,male,,C,1,0,1,8.7125,1,0
586,1,1,female,18.0,S,0,1,3,26.55,0,1
587,0,2,male,47.0,S,0,0,1,15.0,1,0
588,1,1,male,60.0,C,0,0,1,79.2,0,1
589,0,3,male,22.0,S,0,0,1,8.05,1,0
590,0,3,male,,S,1,0,1,8.05,1,0
591,0,3,male,35.0,S,0,0,1,7.125,1,0
592,1,1,female,52.0,C,0,1,2,39.13335,0,1
593,0,3,male,47.0,S,0,0,1,7.25,1,0
594,0,3,female,,Q,1,0,1,7.75,0,0
595,0,2,male,37.0,S,0,0,1,26.0,0,0
596,0,3,male,36.0,S,0,1,3,8.049999999999999,0,0
597,1,2,female,,S,1,1,3,11.0,0,0
598,0,3,male,49.0,S,0,1,4,0.0,0,0
599,0,3,male,,C,1,0,1,7.225,1,0
600,1,1,male,49.0,C,0,1,2,28.4646,0,1
601,1,2,female,24.0,S,0,1,2,13.5,0,0
602,0,3,male,,S,1,0,1,7.8958,1,0
603,0,1,male,,S,1,0,1,42.4,1,0
604,0,3,male,44.0,S,0,0,1,8.05,1,0
605,1,1,male,35.0,C,0,0,1,26.55,1,0
606,0,3,male,36.0,S,0,0,1,15.55,0,0
607,0,3,male,30.0,S,0,0,1,7.8958,1,0
608,1,1,male,27.0,S,0,0,1,30.5,1,0
609,1,2,female,22.0,C,0,1,3,13.859733333333333,0,0
610,1,1,female,40.0,S,0,1,3,51.15416666666667,0,1
611,0,3,female,39.0,S,0,1,7,4.4678571428571425,0,0
612,0,3,male,,S,1,0,1,7.05,1,0
613,1,3,female,,Q,1,1,2,7.75,0,0
614,0,3,male,,Q,1,0,1,7.75,1,0
615,0,3,male,35.0,S,0,0,1,8.05,1,0
616,1,2,female,24.0,S,0,1,2,32.5,0,0
617,0,3,male,34.0,S,0,1,2,7.2,0,0
618,0,3,female,26.0,S,0,1,2,8.05,0,0
619,1,2,female,4.0,S,0,1,2,19.5,0,1
620,0,2,male,26.0,S,0,0,1,10.5,1,0
621,0,3,male,27.0,C,0,1,2,7.2271,0,0
622,1,1,male,42.0,S,0,0,1,52.5542,0,1
623,1,3,male,20.0,C,0,1,2,7.87085,0,0
624,0,3,male,21.0,S,0,0,1,7.8542,1,0
625,0,3,male,21.0,S,0,1,2,8.05,0,0
626,0,1,male,61.0,S,0,0,1,32.3208,1,1
627,0,2,male,57.0,Q,0,0,1,12.35,1,0
628,1,1,female,21.0,S,0,1,3,25.986099999999997,0,1
629,0,3,male,26.0,S,0,0,1,7.8958,1,0
630,0,3,male,,Q,1,0,1,7.7333,1,0
631,1,1,male,80.0,S,0,0,1,30.0,1,1
632,0,3,male,51.0,S,0,0,1,7.0542,1,0
633,1,1,male,32.0,C,0,0,1,30.5,1,1
634,0,1,male,,S,1,0,1,0.0,1,0
635,0,3,female,9.0,S,0,1,6,4.6499999999999995,0,0
636,1,2,female,28.0,S,0,0,1,13.0,1,0
637,0,3,male,32.0,S,0,0,1,7.925,1,0
638,0,2,male,31.0,S,0,1,3,8.75,0,0
639,0,3,female,41.0,S,0,1,6,6.614583333333333,0,0
640,0,3,male,,S,1,1,2,8.05,0,0
641,0,3,male,20.0,S,0,0,1,7.8542,1,0
642,1,1,female,24.0,C,0,1,2,34.65,0,1
643,0,3,female,2.0,S,0,1,6,4.6499999999999995,0,0
644,1,3,male,,S,1,1,7,8.070828571428573,0,0
645,1,3,female,0.75,C,0,1,4,4.814575,0,0
646,1,1,male,48.0,C,0,1,3,25.576400000000003,0,1
647,0,3,male,19.0,S,0,0,1,7.8958,1,0
648,1,1,male,56.0,C,0,0,1,35.5,1,1
649,0,3,male,,S,1,0,1,7.55,1,0
650,1,3,female,23.0,S,0,0,1,7.55,1,0
651,0,3,male,,S,1,0,1,7.8958,1,0
652,1,2,female,18.0,S,0,1,2,11.5,0,0
653,0,3,male,21.0,S,0,0,1,8.4333,1,0
654,1,3,female,,Q,1,0,1,7.8292,1,0
655,0,3,female,18.0,Q,0,0,1,6.75,1,0
656,0,2,male,24.0,S,0,1,5,14.7,0,0
657,0,3,male,,S,1,0,1,7.8958,1,0
658,0,3,female,32.0,Q,0,1,2,7.75,0,0
659,0,2,male,23.0,S,0,0,1,13.0,1,0
660,0,1,male,58.0,C,0,1,3,37.75833333333333,0,1
661,1,1,male,50.0,S,0,1,2,66.825,0,0
662,0,3,male,40.0,C,0,0,1,7.225,1,0
663,0,1,male,47.0,S,0,0,1,25.5875,1,1
664,0,3,male,36.0,S,0,0,1,7.4958,1,0
665,1,3,male,20.0,S,0,0,1,7.925,0,0
666,0,2,male,32.0,S,0,1,5,14.7,0,0
667,0,2,male,25.0,S,0,0,1,13.0,1,0
668,0,3,male,,S,1,0,1,7.775,1,0
669,0,3,male,43.0,S,0,0,1,8.05,1,0
670,1,1,female,,S,1,1,2,26.0,0,1
671,1,2,female,40.0,S,0,1,2,19.5,0,0
672,0,1,male,31.0,S,0,0,1,52.0,0,1
673,0,2,male,70.0,S,0,0,1,10.5,1,0
674,1,2,male,31.0,S,0,0,1,13.0,1,0
675,0,2,male,,S,1,0,1,0.0,1,0
676,0,3,male,18.0,S,0,0,1,7.775,1,0
677,0,3,male,24.5,S,0,0,1,8.05,1,0
678,1,3,female,18.0,S,0,0,1,9.8417,1,0
679,0,3,female,43.0,S,0,1,6,7.816666666666666,0,0
680,1,1,male,36.0,C,0,1,3,170.7764,0,1
681,0,3,female,,Q,1,0,1,8.1375,1,0
682,1,1,male,27.0,C,0,1,3,25.576400000000003,0,1
683,0,3,male,20.0,S,0,0,1,9.225,1,0
684,0,3,male,14.0,S,0,1,6,7.816666666666666,0,0
685,0,2,male,60.0,S,0,1,2,19.5,0,0
686,0,2,male,25.0,C,0,1,3,13.859733333333333,0,0
687,0,3,male,14.0,S,0,1,6,6.614583333333333,0,0
688,0,3,male,19.0,S,0,0,1,10.1708,1,0
689,0,3,male,18.0,S,0,0,1,7.7958,1,0
690,1,1,female,15.0,S,0,1,3,70.44583333333334,0,1
691,1,1,male,31.0,S,0,1,2,28.5,0,1
692,1,3,female,4.0,C,0,0,1,13.4167,0,0
693,1,3,male,,S,1,1,7,8.070828571428573,0,0
694,0,3,male,25.0,C,0,0,1,7.225,1,0
695,0,1,male,60.0,S,0,0,1,26.55,1,0
696,0,2,male,52.0,S,0,0,1,13.5,1,0
697,0,3,male,44.0,S,0,0,1,8.05,1,0
698,1,3,female,,Q,1,0,1,7.7333,1,0
699,0,1,male,49.0,C,0,1,4,27.720825,0,1
700,0,3,male,42.0,S,0,0,1,7.65,1,1
701,1,1,female,18.0,C,0,1,4,56.88125,0,1
702,1,1,male,35.0,S,0,0,1,26.2875,1,1
703,0,3,female,18.0,C,0,1,2,7.2271,0,0
704,0,3,male,25.0,Q,0,0,1,7.7417,1,0
705,0,3,male,26.0,S,0,0,1,7.8542,0,0
706,0,2,male,39.0,S,0,1,2,13.0,0,0
707,1,2,female,45.0,S,0,0,1,13.5,1,0
708,1,1,male,42.0,S,0,0,1,26.2875,1,1
709,1,1,female,22.0,S,0,1,4,37.8875,0,0
710,1,3,male,,C,1,1,2,7.6229,0,0
711,1,1,female,24.0,C,0,0,1,49.5042,1,1
712,0,1,male,,S,1,0,1,26.55,1,1
713,1,1,male,48.0,S,0,1,2,26.0,0,1
714,0,3,male,29.0,S,0,0,1,9.4833,1,0
715,0,2,male,52.0,S,0,1,2,6.5,0,0
716,0,3,male,19.0,S,0,0,1,7.65,1,1
717,1,1,female,38.0,C,0,1,4,56.88125,0,1
718,1,2,female,27.0,S,0,0,1,10.5,1,1
719,0,3,male,,Q,1,0,1,15.5,1,0
720,0,3,male,33.0,S,0,0,1,7.775,1,0
721,1,2,female,6.0,S,0,1,3,11.0,0,0
722,0,3,male,17.0,S,0,0,1,7.0542,0,0
723,0,2,male,34.0,S,0,0,1,13.0,1,0
724,0,2,male,50.0,S,0,0,1,13.0,1,0
725,1,1,male,27.0,S,0,1,2,26.55,0,1
726,0,3,male,20.0,S,0,0,1,8.6625,1,0
727,1,2,female,30.0,S,0,1,2,10.5,0,0
728,1,3,female,,Q,1,0,1,7.7375,1,0
729,0,2,male,25.0,S,0,0,1,26.0,0,0
730,0,3,female,25.0,S,0,0,1,7.925,0,0
731,1,1,female,29.0,S,0,1,3,70.44583333333334,0,1
732,0,3,male,11.0,C,0,1,2,9.39375,0,0
733,0,2,male,,S,1,0,1,0.0,1,0
734,0,2,male,23.0,S,0,0,1,13.0,1,0
735,0,2,male,23.0,S,0,0,1,13.0,1,0
736,0,3,male,28.5,S,0,1,2,8.05,0,0
737,0,3,female,48.0,S,0,1,4,8.59375,0,0
738,1,1,male,35.0,C,0,1,3,170.7764,0,1
739,0,3,male,,S,1,0,1,7.8958,1,0
740,0,3,male,,S,1,0,1,7.8958,1,0
741,1,1,male,,S,1,0,1,30.0,1,1
742,0,1,male,36.0,S,0,1,2,39.425,0,1
743,1,1,female,21.0,C,0,1,2,131.1875,0,1
744,0,3,male,24.0,S,0,0,1,16.1,0,0
745,1,3,male,31.0,S,0,0,1,7.925,1,0
746,0,1,male,70.0,S,0,1,2,35.5,0,1
747,0,3,male,16.0,S,0,1,2,10.125,0,0
748,1,2,female,30.0,S,0,0,1,13.0,1,0
749,0,1,male,19.0,S,0,0,1,53.1,0,1
750,0,3,male,31.0,Q,0,0,1,7.75,1,0
751,1,2,female,4.0,S,0,0,1,23.0,0,0
752,1,3,male,6.0,S,0,1,2,6.2375,0,1
753,0,3,male,33.0,S,0,0,1,9.5,1,0
754,0,3,male,23.0,S,0,0,1,7.8958,1,0
755,1,2,female,48.0,S,0,1,2,32.5,0,0
756,1,2,male,0.67,S,0,1,2,7.25,0,0
757,0,3,male,28.0,S,0,0,1,7.7958,1,0
758,0,2,male,18.0,S,0,0,1,11.5,1,0
759,0,3,male,34.0,S,0,0,1,8.05,1,0
760,1,1,female,33.0,S,0,1,3,28.833333333333332,0,1
761,0,3,male,,S,1,1,2,7.25,0,0
762,0,3,male,41.0,S,0,0,1,7.125,1,0
763,1,3,male,20.0,C,0,0,1,7.2292,1,0
764,1,1,female,36.0,S,0,1,4,30.0,0,1
765,0,3,male,16.0,S,0,0,1,7.775,1,0
766,1,1,female,51.0,S,0,1,3,25.986099999999997,0,1
767,0,1,male,,C,1,0,1,39.6,1,0
768,0,3,female,30.5,Q,0,0,1,7.75,1,0
769,0,3,male,,Q,1,1,3,8.049999999999999,0,0
770,0,3,male,32.0,S,0,0,1,8.3625,1,0
771,0,3,male,24.0,S,0,0,1,9.5,1,0
772,0,3,male,48.0,S,0,0,1,7.8542,1,0
773,0,2,female,57.0,S,0,1,2,5.25,0,1
774,0,3,male,,C,1,0,1,7.225,1,0
775,1,2,female,54.0,S,0,0,1,23.0,0,0
776,0,3,male,18.0,S,0,0,1,7.75,1,0
777,0,3,male,,Q,1,0,1,7.75,1,1
778,1,3,female,5.0,S,0,1,2,6.2375,0,0
779,0,3,male,,Q,1,0,1,7.7375,1,0
780,1,1,female,43.0,S,0,1,3,70.44583333333334,0,1
781,1,3,female,13.0,C,0,0,1,7.2292,1,0
782,1,1,female,17.0,S,0,1,2,28.5,0,1
783,0,1,male,29.0,S,0,0,1,30.0,1,1
784,0,3,male,,S,1,1,2,11.725,0,0
785,0,3,male,25.0,S,0,0,1,7.05,1,0
786,0,3,male,25.0,S,0,0,1,7.25,1,0
787,1,3,female,18.0,S,0,0,1,7.4958,1,0
788,0,3,male,8.0,Q,0,1,5,5.825,0,0
789,1,3,male,1.0,S,0,1,2,10.2875,0,0
790,0,1,male,46.0,C,0,1,2,39.6,0,1
791,0,3,male,,Q,1,0,1,7.75,1,0
792,0,2,male,16.0,S,0,1,2,13.0,0,0
793,0,3,female,,S,1,1,7,9.935714285714285,0,0
794,0,1,male,,C,1,0,1,30.6958,1,0
795,0,3,male,25.0,S,0,0,1,7.8958,1,0
796,0,2,male,39.0,S,0,0,1,13.0,1,0
797,1,1,female,49.0,S,0,0,1,25.9292,1,1
798,1,3,female,31.0,S,0,0,1,8.6833,1,0
799,0,3,male,30.0,C,0,0,1,7.2292,1,0
800,0,3,female,30.0,S,0,1,3,8.049999999999999,0,0
801,0,2,male,34.0,S,0,1,2,6.5,0,0
802,1,2,female,31.0,S,0,1,3,8.75,0,0
803,1,1,male,11.0,S,0,1,4,30.0,0,1
804,1,3,male,0.42,C,0,0,1,8.5167,0,0
805,1,3,male,27.0,S,0,0,1,6.975,1,0
806,0,3,male,31.0,S,0,0,1,7.775,1,0
807,0,1,male,39.0,S,0,0,1,0.0,1,1
808,0,3,female,18.0,S,0,0,1,7.775,1,0
809,0,2,male,39.0,S,0,0,1,13.0,1,0
810,1,1,female,33.0,S,0,1,2,26.55,0,1
811,0,3,male,26.0,S,0,0,1,7.8875,1,0
812,0,3,male,39.0,S,0,1,2,12.075,0,0
813,0,2,male,35.0,S,0,0,1,10.5,1,0
814,0,3,female,6.0,S,0,1,7,4.4678571428571425,0,0
815,0,3,male,30.5,S,0,0,1,8.05,1,0
816,0,1,male,,S,1,0,1,0.0,1,1
817,0,3,female,23.0,S,0,0,1,7.925,1,0
818,0,2,male,31.0,C,0,1,2,18.5021,0,0
819,0,3,male,43.0,S,0,0,1,6.45,1,0
820,0,3,male,10.0,S,0,1,6,4.6499999999999995,0,0
821,1,1,female,52.0,S,0,1,2,46.75,0,1
822,1,3,male,27.0,S,0,0,1,8.6625,1,0
823,0,1,male,38.0,S,0,0,1,0.0,1,0
824,1,3,female,27.0,S,0,1,2,6.2375,0,1
825,0,3,male,2.0,S,0,1,6,6.614583333333333,0,0
826,0,3,male,,Q,1,0,1,6.95,1,0
827,0,3,male,,S,1,1,7,8.070828571428573,0,0
828,1,2,male,1.0,C,0,1,2,18.5021,0,0
829,1,3,male,,Q,1,0,1,7.75,1,0
830,1,1,female,62.0,S,0,1,2,40.0,0,1
831,1,3,female,15.0,C,0,1,2,7.2271,0,0
832,1,2,male,0.83,S,0,1,3,6.25,0,0
833,0,3,male,,C,1,0,1,7.2292,1,0
834,0,3,male,23.0,S,0,0,1,7.8542,1,0
835,0,3,male,18.0,S,0,0,1,8.3,1,0
836,1,1,female,39.0,C,0,0,1,83.1583,0,1
837,0,3,male,21.0,S,0,0,1,8.6625,1,0
838,0,3,male,,S,1,0,1,8.05,1,0
839,1,3,male,32.0,S,0,1,7,8.070828571428573,0,0
840,1,1,male,,C,1,0,1,29.7,1,1
841,0,3,male,20.0,S,0,0,1,7.925,1,0
842,0,2,male,16.0,S,0,1,2,5.25,0,0
843,1,1,female,30.0,C,0,1,2,15.5,0,0
844,0,3,male,34.5,C,0,0,1,6.4375,1,0
845,0,3,male,17.0,S,0,0,1,8.6625,1,0
846,0,3,male,42.0,S,0,0,1,7.55,1,0
847,0,3,male,,S,1,1,7,9.935714285714285,0,0
848,0,3,male,35.0,C,0,0,1,7.8958,1,0
849,0,2,male,28.0,S,0,1,3,11.0,0,0
850,1,1,female,,C,1,1,2,44.5521,0,1
851,0,3,male,4.0,S,0,1,7,4.4678571428571425,0,0
852,0,3,male,74.0,S,0,0,1,7.775,1,0
853,0,3,female,9.0,C,0,1,2,7.6229,0,0
854,1,1,female,16.0,S,0,0,1,39.4,0,1
855,0,2,female,44.0,S,0,1,2,13.0,0,0
856,1,3,female,18.0,S,0,0,1,9.35,0,0
857,1,1,female,45.0,S,0,1,2,82.43335,0,0
858,1,1,male,51.0,S,0,0,1,26.55,1,1
859,1,3,female,24.0,C,0,1,4,4.814575,0,0
860,0,3,male,,C,1,0,1,7.2292,1,0
861,0,3,male,41.0,S,0,0,1,14.1083,0,0
862,0,2,male,21.0,S,0,0,1,11.5,0,0
863,1,1,female,48.0,S,0,0,1,25.9292,1,1
864,0,3,female,,S,1,1,7,9.935714285714285,0,0
865,0,2,male,24.0,S,0,0,1,13.0,1,0
866,1,2,female,42.0,S,0,0,1,13.0,1,0
867,1,2,female,27.0,C,0,0,1,13.8583,0,0
868,0,1,male,31.0,S,0,0,1,50.4958,1,1
869,0,3,male,,S,1,0,1,9.5,1,0
870,1,3,male,4.0,S,0,1,3,3.7111,0,0
871,0,3,male,26.0,S,0,0,1,7.8958,1,0
872,1,1,female,47.0,S,0,1,2,26.2771,0,1
873,0,1,male,33.0,S,0,0,1,5.0,1,1
874,0,3,male,47.0,S,0,0,1,9.0,1,0
875,1,2,female,28.0,C,0,1,2,12.0,0,0
876,1,3,female,15.0,C,0,0,1,7.225,1,0
877,0,3,male,20.0,S,0,1,2,4.9229,0,0
878,0,3,male,19.0,S,0,0,1,7.8958,1,0
879,0,3,male,,S,1,0,1,7.8958,1,0
880,1,1,female,56.0,C,0,1,2,41.57915,0,1
881,1,2,female,25.0,S,0,1,2,13.0,0,0
882,0,3,male,33.0,S,0,0,1,7.8958,1,0
883,0,3,female,22.0,S,0,0,1,10.5167,1,0
884,0,2,male,28.0,S,0,0,1,10.5,1,0
885,0,3,male,25.0,S,0,0,1,7.05,1,0
886,0,3,female,39.0,Q,0,1,5,5.825,0,0
887,0,2,male,27.0,S,0,0,1,13.0,1,0
888,1,1,female,19.0,S,0,0,1,30.0,1,1
889,0,3,female,,S,1,1,2,11.725,0,0
890,1,1,male,26.0,C,0,0,1,30.0,1,1
891,0,3,male,32.0,Q,0,0,1,7.75,1,0
